,months,id,Consumption
0,0,AC036D,90.3888771095707
1,0,AC040D,156.87436298800012
2,0,AC050D,914.1753364533048
3,0,AC056D,1026.3266238964675
4,0,AC063R,404.94738705487447
5,0,AC075R,763.9127573675502
6,0,AC090R,163.88020652499904
7,0,AC100R,1133.4238066666667
8,0,AC125R,484.24455707732375
9,0,AC140R,275.5905310500006
10,0,XA018D,0.0
11,0,XA025D,0.0
12,0,XA028D,35.35205426605995
13,0,XA030D,115.8121272438665
14,0,XA036D,177.9559351896326
15,0,XA040D,307.63755756427275
16,0,XA050D,205.55896789598012
17,0,XA056D,500.3657924958228
18,0,XA063R,354.3769907514852
19,0,XA070D,441.4587208044207
20,0,XA075R,1328.304814071174
21,0,XA080D,454.9469910183689
22,0,XA090D,166.3361458545917
23,0,XA095D,0.0
24,0,XA100D,0.0
25,0,XA100R,856.0004191666652
26,0,XA110D,0.0
27,0,XA125D,518.5582730234362
28,0,XA140D,0.0
29,0,XR100D,171.08484697888906
30,0,XR110D,91.85947065146057
31,0,XR115D,0.0
32,0,XR125D,44.01481448437501
33,0,XR140D,0.0
34,0,XR150D,91.39173075375008
35,1,AC036D,70.94026259308802
36,1,AC040D,137.68876502639995
37,1,AC050D,711.2856946607593
38,1,AC056D,259.9079616891518
39,1,AC063R,118.25098831524986
40,1,AC075R,519.0241022649067
41,1,AC090R,138.96615162499958
42,1,AC100R,535.5766675000007
43,1,AC125R,120.89573197916636
44,1,AC140R,156.28802280000005
45,1,XA018D,0.0
46,1,XA025D,3.117849017570002
47,1,XA028D,78.00784443088119
48,1,XA030D,45.11026724595998
49,1,XA036D,38.34028999495402
50,1,XA040D,181.01154585787293
51,1,XA050D,148.3462119002607
52,1,XA056D,733.2984357485959
53,1,XA063R,460.8492815872783
54,1,XA070D,348.11021889552114
55,1,XA075R,846.7975067153586
56,1,XA080D,270.71186152453345
57,1,XA090D,23.80441794434197
58,1,XA095D,0.0
59,1,XA100D,871.2250349794423
60,1,XA100R,1017.9306812499997
61,1,XA110D,39.82431013536257
62,1,XA125D,1270.442045439111
63,1,XA140D,0.0
64,1,XR100D,0.0
65,1,XR110D,0.0
66,1,XR115D,0.0
67,1,XR125D,184.6450688454301
68,1,XR140D,0.0
69,1,XR150D,53.290863672083304
70,2,AC036D,362.17692927462735
71,2,AC040D,115.91413179054537
72,2,AC050D,574.3657461677888
73,2,AC056D,454.6785210269282
74,2,AC063R,893.3867291454576
75,2,AC075R,715.0340234577362
76,2,AC090R,71.04067140625001
77,2,AC100R,352.6355874999988
78,2,AC125R,79.27774804687486
79,2,AC140R,25.18259240000002
80,2,XA018D,0.0
81,2,XA025D,0.0
82,2,XA028D,74.43332414107333
83,2,XA030D,30.512948298279948
84,2,XA036D,122.83979241912607
85,2,XA040D,201.158478287768
86,2,XA050D,238.66501610252715
87,2,XA056D,518.6322837218792
88,2,XA063R,102.31761133436115
89,2,XA070D,527.6246747587713
90,2,XA075R,1051.1947785819832
91,2,XA080D,423.6005155480575
92,2,XA090D,350.45624120076315
93,2,XA095D,0.0
94,2,XA100D,420.06564941953866
95,2,XA100R,1110.5750162500037
96,2,XA110D,7.994994509950013
97,2,XA125D,1033.636979871779
98,2,XA140D,0.0
99,2,XR100D,0.0
100,2,XR110D,0.0
101,2,XR115D,0.0
102,2,XR125D,145.33358338783574
103,2,XR140D,0.0
104,2,XR150D,93.76812651208314
105,3,AC036D,118.56173322537613
106,3,AC040D,5.139768698400001
107,3,AC050D,638.0459656929157
108,3,AC056D,822.8673922862332
109,3,AC063R,877.2658901278998
110,3,AC075R,810.1854532552089
111,3,AC090R,730.741095991668
112,3,AC100R,471.06117967391486
113,3,AC125R,507.44896179687424
114,3,AC140R,1.1684659000000006
115,3,XA018D,0.0
116,3,XA025D,3.2133723085240047
117,3,XA028D,52.55583920787201
118,3,XA030D,0.0
119,3,XA036D,94.03805034514784
120,3,XA040D,308.9038682627132
121,3,XA050D,238.7243941640453
122,3,XA056D,569.4960662875734
123,3,XA063R,340.07675625846036
124,3,XA070D,542.8674133958483
125,3,XA075R,563.1469072395837
126,3,XA080D,696.2301053912726
127,3,XA090D,246.830405489304
128,3,XA095D,0.0
129,3,XA100D,557.9035150075755
130,3,XA100R,1114.785604040407
131,3,XA110D,310.3912786554301
132,3,XA125D,799.3944016839151
133,3,XA140D,0.0
134,3,XR100D,0.0
135,3,XR110D,0.0
136,3,XR115D,0.0
137,3,XR125D,171.2313943353472
138,3,XR140D,42.82862241980004
139,3,XR150D,52.54862753583339
140,4,AC036D,434.5241325427562
141,4,AC040D,351.14156887600035
142,4,AC050D,132.03631283579548
143,4,AC056D,259.97305380211156
144,4,AC063R,339.5642733014592
145,4,AC075R,1459.672318820237
146,4,AC090R,9.049652849999996
147,4,AC100R,435.4995458333319
148,4,AC125R,716.6575063628434
149,4,AC140R,369.64757655
150,4,XA018D,0.0
151,4,XA025D,1.3943262467260014
152,4,XA028D,86.6567742609008
153,4,XA030D,0.0
154,4,XA036D,58.44703611032527
155,4,XA040D,84.45013652231876
156,4,XA050D,64.16361597444747
157,4,XA056D,289.37554218905836
158,4,XA063R,253.86386457658332
159,4,XA070D,284.11902753308397
160,4,XA075R,1234.1710738091429
161,4,XA080D,451.2625910335575
162,4,XA090D,19.334325690050022
163,4,XA095D,0.0
164,4,XA100D,121.47658113500007
165,4,XA100R,1397.9706468560491
166,4,XA110D,133.86621806901732
167,4,XA125D,506.705756537668
168,4,XA140D,0.0
169,4,XR100D,0.0
170,4,XR110D,0.0
171,4,XR115D,0.0
172,4,XR125D,16.65150020519651
173,4,XR140D,49.41124831299987
174,4,XR150D,118.91828969416679
175,5,AC036D,78.23844654180765
176,5,AC040D,32.39721246533329
177,5,AC050D,308.05690540916765
178,5,AC056D,192.97173455548744
179,5,AC063R,278.47488056937544
180,5,AC075R,1110.5001368040896
181,5,AC090R,60.64997216249997
182,5,AC100R,201.03230583333283
183,5,AC125R,503.3029906160272
184,5,AC140R,0.0
185,5,XA018D,0.0
186,5,XA025D,0.0
187,5,XA028D,112.2221170453783
188,5,XA030D,21.658265712570657
189,5,XA036D,98.1696609930308
190,5,XA040D,183.43678731100638
191,5,XA050D,349.0732068290241
192,5,XA056D,314.44939887876006
193,5,XA063R,470.59536486695913
194,5,XA070D,532.0382633940709
195,5,XA075R,764.126933559266
196,5,XA080D,161.5997953437195
197,5,XA090D,175.16585515088292
198,5,XA095D,0.0
199,5,XA100D,74.2892566915335
200,5,XA100R,794.4056253976587
201,5,XA110D,26.647281472505583
202,5,XA125D,662.5749080483581
203,5,XA140D,0.0
204,5,XR100D,0.0
205,5,XR110D,0.0
206,5,XR115D,0.0
207,5,XR125D,26.710532335955953
208,5,XR140D,242.60862567521028
209,5,XR150D,46.552329948055494
210,6,AC036D,16.633198685375994
211,6,AC040D,69.83266614152731
212,6,AC050D,397.92500251954493
213,6,AC056D,446.3732369374938
214,6,AC063R,1255.9775677678115
215,6,AC075R,2193.496937105843
216,6,AC090R,456.8240517750004
217,6,AC100R,411.5882098611099
218,6,AC125R,287.84803104166735
219,6,AC140R,219.2858238435675
220,6,XA018D,0.0
221,6,XA025D,0.12544988441999996
222,6,XA028D,91.9086788784968
223,6,XA030D,21.614164999840003
224,6,XA036D,145.16232976921842
225,6,XA040D,248.79433133468262
226,6,XA050D,184.2241228695157
227,6,XA056D,553.3252716015029
228,6,XA063R,350.2529783456665
229,6,XA070D,202.777383994126
230,6,XA075R,1296.4354702908886
231,6,XA080D,375.3262214866672
232,6,XA090D,73.10153495855009
233,6,XA095D,0.0
234,6,XA100D,617.9220593161423
235,6,XA100R,548.1449960731804
236,6,XA110D,35.427407630027005
237,6,XA125D,593.7015779991318
238,6,XA140D,0.0
239,6,XR100D,0.0
240,6,XR110D,0.0
241,6,XR115D,0.0
242,6,XR125D,135.58398051041618
243,6,XR140D,257.57008921108917
244,6,XR150D,6.2990459087499975
245,7,AC036D,316.3744497328576
246,7,AC040D,196.2071670152
247,7,AC050D,554.3531770654151
248,7,AC056D,747.7184025351311
249,7,AC063R,786.0459630823041
250,7,AC075R,1098.0121274244063
251,7,AC090R,414.61909084166786
252,7,AC100R,290.39298166666765
253,7,AC125R,210.83761907451927
254,7,AC140R,18.575753
255,7,XA018D,0.0
256,7,XA025D,2.7715957728479985
257,7,XA028D,50.39097168534333
258,7,XA030D,26.82112143088005
259,7,XA036D,0.423355950528
260,7,XA040D,171.0455728854899
261,7,XA050D,228.37550634158904
262,7,XA056D,468.907412118509
263,7,XA063R,371.1647185297934
264,7,XA070D,406.2560034356288
265,7,XA075R,425.53376632812683
266,7,XA080D,1115.121175643296
267,7,XA090D,249.5685819947327
268,7,XA095D,0.0
269,7,XA100D,211.9481579996493
270,7,XA100R,1015.0292087444438
271,7,XA110D,98.63516636854992
272,7,XA125D,554.7798332125392
273,7,XA140D,0.0
274,7,XR100D,0.0
275,7,XR110D,0.0
276,7,XR115D,0.0
277,7,XR125D,107.86649294531256
278,7,XR140D,121.9343627730668
279,7,XR150D,39.57089416583331
280,8,AC036D,168.3582751851275
281,8,AC040D,470.05949486312653
282,8,AC050D,488.55179846458196
283,8,AC056D,785.0734840078319
284,8,AC063R,1418.4756395287734
285,8,AC075R,1886.2079213298666
286,8,AC090R,155.4353590124999
287,8,AC100R,400.3959370833345
288,8,AC125R,510.24645106816763
289,8,AC140R,83.9569866333332
290,8,XA018D,0.0
291,8,XA025D,23.00606446834733
292,8,XA028D,50.835727467350026
293,8,XA030D,244.31077914584728
294,8,XA036D,244.1106642984241
295,8,XA040D,208.5215467199712
296,8,XA050D,265.50025941345706
297,8,XA056D,438.09104250914567
298,8,XA063R,5.627000688750004
299,8,XA070D,556.7575381144363
300,8,XA075R,374.3275552216671
301,8,XA080D,306.6087655138652
302,8,XA090D,182.78988000247003
303,8,XA095D,0.28876373076249995
304,8,XA100D,411.49698340269066
305,8,XA100R,525.3012238950008
306,8,XA110D,42.27745010019999
307,8,XA125D,650.6963768802083
308,8,XA140D,0.0
309,8,XR100D,0.0
310,8,XR110D,0.0
311,8,XR115D,0.0
312,8,XR125D,69.9569191744791
313,8,XR140D,6.0633187524000025
314,8,XR150D,253.85523408041684
315,9,AC036D,88.26774106850947
316,9,AC040D,28.002618884799986
317,9,AC050D,168.18855822624857
318,9,AC056D,915.0395206276606
319,9,AC063R,511.3827605815825
320,9,AC075R,1418.5165650104157
321,9,AC090R,31.7379773375
322,9,AC100R,467.4694636111112
323,9,AC125R,504.6960526011036
324,9,AC140R,271.4733641277774
325,9,XA018D,0.0
326,9,XA025D,18.23857624827933
327,9,XA028D,49.035877302860136
328,9,XA030D,185.9919486841734
329,9,XA036D,130.78035264170128
330,9,XA040D,164.39667985371324
331,9,XA050D,206.35605747806716
332,9,XA056D,332.264763335258
333,9,XA063R,331.695533639682
334,9,XA070D,41.707468469585436
335,9,XA075R,577.6708182291653
336,9,XA080D,568.6911481081795
337,9,XA090D,164.12866699695113
338,9,XA095D,7.183118653812495
339,9,XA100D,247.92638671500006
340,9,XA100R,420.01105980263145
341,9,XA110D,176.82164183250026
342,9,XA125D,505.8700845227266
343,9,XA140D,0.0
344,9,XR100D,0.0
345,9,XR110D,0.0
346,9,XR115D,0.0
347,9,XR125D,327.3403296770814
348,9,XR140D,235.21642872500027
349,9,XR150D,32.42117287791665
350,10,AC036D,83.41511612733633
351,10,AC040D,185.2684491970675
352,10,AC050D,216.79215221125008
353,10,AC056D,478.5106587465587
354,10,AC063R,445.4405941910118
355,10,AC075R,581.9286008593738
356,10,AC090R,69.08132732083328
357,10,AC100R,288.9002375000008
358,10,AC125R,644.7227425260401
359,10,AC140R,228.89898325000016
360,10,XA018D,0.0
361,10,XA025D,0.0
362,10,XA028D,13.573521404422022
363,10,XA030D,24.74433001151996
364,10,XA036D,14.482975107132006
365,10,XA040D,260.2106935896178
366,10,XA050D,333.29179082960184
367,10,XA056D,466.2075537138308
368,10,XA063R,289.2399189679723
369,10,XA070D,435.2961788984707
370,10,XA075R,168.799213731061
371,10,XA080D,271.60824572481687
372,10,XA090D,202.17035421764228
373,10,XA095D,201.24671884922537
374,10,XA100D,121.54267518166664
375,10,XA100R,178.10403999999988
376,10,XA110D,178.68953388055058
377,10,XA125D,477.51629793150283
378,10,XA140D,0.0
379,10,XR100D,0.0
380,10,XR110D,0.0
381,10,XR115D,0.0
382,10,XR125D,233.64051150781185
383,10,XR140D,22.693616521800013
384,10,XR150D,119.46870772374969
385,11,AC036D,141.4336653285917
386,11,AC040D,303.85503062752963
387,11,AC050D,892.8268674508597
388,11,AC056D,838.1185723338483
389,11,AC063R,912.3786350310993
390,11,AC075R,1770.743211097918
391,11,AC090R,230.211169270834
392,11,AC100R,145.18305369944568
393,11,AC125R,437.8271010677064
394,11,AC140R,11.482499233333339
395,11,XA018D,0.0
396,11,XA025D,16.203833908934016
397,11,XA028D,18.378915473674
398,11,XA030D,76.83611218781881
399,11,XA036D,71.49613729346625
400,11,XA040D,68.26121239671774
401,11,XA050D,281.9253027484519
402,11,XA056D,833.0921595938432
403,11,XA063R,378.33751180508483
404,11,XA070D,565.0464245885346
405,11,XA075R,713.5886256406262
406,11,XA080D,364.5211284698208
407,11,XA090D,9.60225732655
408,11,XA095D,101.6128272540501
409,11,XA100D,164.01160076000048
410,11,XA100R,314.9399400000013
411,11,XA110D,0.6534994221
412,11,XA125D,795.8223976138735
413,11,XA140D,0.0
414,11,XR100D,0.0
415,11,XR110D,0.0
416,11,XR115D,0.0
417,11,XR125D,180.56287599218723
418,11,XR140D,43.2398486674
419,11,XR150D,33.683768332083375
420,12,AC036D,146.70141198228856
421,12,AC040D,175.3411638296651
422,12,AC050D,467.1144781012503
423,12,AC056D,494.46887261602166
424,12,AC063R,627.0116700069568
425,12,AC075R,1415.4032900260452
426,12,AC090R,302.1562144708332
427,12,AC100R,496.9646590008954
428,12,AC125R,706.0209240364584
429,12,AC140R,20.261463600000006
430,12,XA018D,0.0
431,12,XA025D,0.0
432,12,XA028D,27.384694186094052
433,12,XA030D,16.127128972528048
434,12,XA036D,66.2318328421822
435,12,XA040D,187.65769011172512
436,12,XA050D,327.62267431668624
437,12,XA056D,308.66221475717475
438,12,XA063R,203.4961094270412
439,12,XA070D,336.5026615892238
440,12,XA075R,686.455910850692
441,12,XA080D,238.60989656451062
442,12,XA090D,131.34567688164958
443,12,XA095D,36.13397119184997
444,12,XA100D,119.94774400000006
445,12,XA100R,510.07152777777634
446,12,XA110D,0.32674971105
447,12,XA125D,937.4981206682297
448,12,XA140D,0.0
449,12,XR100D,0.0
450,12,XR110D,0.0
451,12,XR115D,0.0
452,12,XR125D,415.35130021267145
453,12,XR140D,0.0
454,12,XR150D,147.79776923624982
455,13,AC036D,29.795790511032
456,13,AC040D,315.12632212303885
457,13,AC050D,434.7848691258336
458,13,AC056D,606.9682778827726
459,13,AC063R,861.1779084281053
460,13,AC075R,586.2760593264471
461,13,AC090R,241.6662714375008
462,13,AC100R,135.77640902777782
463,13,AC125R,387.12898218749984
464,13,AC140R,0.0
465,13,XA018D,0.0
466,13,XA025D,0.0
467,13,XA028D,42.802619139420024
468,13,XA030D,12.064538099375989
469,13,XA036D,46.19407698486447
470,13,XA040D,180.64981520551981
471,13,XA050D,184.2316114951107
472,13,XA056D,1095.4048960917892
473,13,XA063R,311.261644765688
474,13,XA070D,158.44641928189972
475,13,XA075R,335.32319091145763
476,13,XA080D,823.4390950725248
477,13,XA090D,10.950048763200003
478,13,XA095D,340.047072881251
479,13,XA100D,152.4335332099996
480,13,XA100R,844.7344438388948
481,13,XA110D,0.0
482,13,XA125D,817.9842380937462
483,13,XA140D,0.0
484,13,XR100D,0.0
485,13,XR110D,0.0
486,13,XR115D,0.0
487,13,XR125D,335.94783314409864
488,13,XR140D,0.5440325898000005
489,13,XR150D,85.89832742166678
490,14,AC036D,27.068922958690663
491,14,AC040D,44.23839021839997
492,14,AC050D,352.68075147241683
493,14,AC056D,194.73361118937598
494,14,AC063R,295.2397525166228
495,14,AC075R,1610.8469397981064
496,14,AC090R,308.0123626125011
497,14,AC100R,775.6276120833318
498,14,AC125R,772.3873046680395
499,14,AC140R,12.460009449999975
500,14,XA018D,0.0
501,14,XA025D,32.596017644498055
502,14,XA028D,72.5444341299162
503,14,XA030D,18.798437606409987
504,14,XA036D,50.695137190600214
505,14,XA040D,184.95465325822929
506,14,XA050D,383.206860879657
507,14,XA056D,663.1716125398457
508,14,XA063R,465.1121475156268
509,14,XA070D,456.57194953624025
510,14,XA075R,1166.9871735156187
511,14,XA080D,812.7896523398473
512,14,XA090D,2.649079524938001
513,14,XA095D,625.1546871599559
514,14,XA100D,4.3743956900000045
515,14,XA100R,668.201930641025
516,14,XA110D,258.7817116530358
517,14,XA125D,893.235533698901
518,14,XA140D,0.0
519,14,XR100D,0.0
520,14,XR110D,34.00505104255001
521,14,XR115D,28.513465149774472
522,14,XR125D,93.07774891832541
523,14,XR140D,248.43199431773337
524,14,XR150D,198.60169609291728
525,15,AC036D,294.92700592207564
526,15,AC040D,148.79990403018058
527,15,AC050D,372.9420551526457
528,15,AC056D,786.4047526412811
529,15,AC063R,830.3192239688063
530,15,AC075R,422.3113855989579
531,15,AC090R,54.450238879166854
532,15,AC100R,155.80047875000062
533,15,AC125R,383.4339287916681
534,15,AC140R,97.98049379999999
535,15,XA018D,0.0
536,15,XA025D,0.14023319849000002
537,15,XA028D,22.77757842249401
538,15,XA030D,31.64115105435189
539,15,XA036D,17.66819504157406
540,15,XA040D,210.45431637394609
541,15,XA050D,390.4108482406201
542,15,XA056D,249.3518074897269
543,15,XA063R,485.2431275966394
544,15,XA070D,242.1123641011327
545,15,XA075R,546.1000733278502
546,15,XA080D,398.5608299265409
547,15,XA090D,0.0
548,15,XA095D,364.0211682063074
549,15,XA100D,49.32313594833334
550,15,XA100R,551.1103713888887
551,15,XA110D,42.48669663279996
552,15,XA125D,948.9556070859378
553,15,XA140D,0.0
554,15,XR100D,20.6873968
555,15,XR110D,0.0
556,15,XR115D,4.920165000012501
557,15,XR125D,115.50108804374935
558,15,XR140D,0.0
559,15,XR150D,42.567345907916796
560,16,AC036D,110.9630509921917
561,16,AC040D,180.86844271937724
562,16,AC050D,405.8514492719701
563,16,AC056D,614.0807153860401
564,16,AC063R,1041.1918790905572
565,16,AC075R,1241.2156327031278
566,16,AC090R,19.400102750000034
567,16,AC100R,787.2068137145748
568,16,AC125R,268.98553572916717
569,16,AC140R,46.10241089999993
570,16,XA018D,0.0
571,16,XA025D,14.31909508785004
572,16,XA028D,30.45475449314205
573,16,XA030D,37.735869594304056
574,16,XA036D,44.96039817077188
575,16,XA040D,129.7730420263057
576,16,XA050D,200.05771023973057
577,16,XA056D,838.4641871949144
578,16,XA063R,438.5550187310824
579,16,XA070D,75.64465376861385
580,16,XA075R,609.8423552496928
581,16,XA080D,444.53809137490117
582,16,XA090D,0.5918436727000003
583,16,XA095D,977.0973369344003
584,16,XA100D,337.45846192051295
585,16,XA100R,787.1543241089752
586,16,XA110D,108.5659283912
587,16,XA125D,419.22426151302
588,16,XA140D,0.0
589,16,XR100D,25.984438549999986
590,16,XR110D,25.42315228697998
591,16,XR115D,45.48449818215837
592,16,XR125D,288.94978765326283
593,16,XR140D,0.0
594,16,XR150D,254.98186195708303
595,17,AC036D,25.9634067798
596,17,AC040D,30.893278464533342
597,17,AC050D,626.8583329411553
598,17,AC056D,604.3164952610148
599,17,AC063R,814.0366346296167
600,17,AC075R,623.6795380128186
601,17,AC090R,393.69179849999983
602,17,AC100R,355.9263399999992
603,17,AC125R,1050.0280805569876
604,17,AC140R,387.7431244421054
605,17,XA018D,0.0
606,17,XA025D,40.85618276470745
607,17,XA028D,32.56951066481937
608,17,XA030D,51.14306793151205
609,17,XA036D,0.0
610,17,XA040D,288.31698533147943
611,17,XA050D,157.23224024446768
612,17,XA056D,657.3956259355083
613,17,XA063R,300.3516440417858
614,17,XA070D,658.1323646287209
615,17,XA075R,505.95350682581187
616,17,XA080D,904.7031289577417
617,17,XA090D,355.77352784330037
618,17,XA095D,129.1828539224513
619,17,XA100D,97.06815891499978
620,17,XA100R,965.1687500000003
621,17,XA110D,21.327115628000005
622,17,XA125D,390.9608888098957
623,17,XA140D,0.0
624,17,XR100D,0.0
625,17,XR110D,67.03185366780004
626,17,XR115D,0.9006842857250009
627,17,XR125D,610.3322365853157
628,17,XR140D,0.0
629,17,XR150D,78.11143726750015
630,18,AC036D,0.0
631,18,AC040D,59.89834755520004
632,18,AC050D,154.30376249750014
633,18,AC056D,394.7132059612592
634,18,AC063R,1509.8679318701486
635,18,AC075R,938.2102205729132
636,18,AC090R,308.82389107500086
637,18,AC100R,631.7209603409086
638,18,AC125R,468.1717835763896
639,18,AC140R,94.47553422222231
640,18,XA018D,0.0
641,18,XA025D,15.704146929044011
642,18,XA028D,123.13155800242737
643,18,XA030D,232.23365588287112
644,18,XA036D,277.24664834463715
645,18,XA040D,398.3005690873033
646,18,XA050D,498.9056786220723
647,18,XA056D,760.0447764484958
648,18,XA063R,333.5904610619848
649,18,XA070D,367.4958097792881
650,18,XA075R,546.7542269878468
651,18,XA080D,433.418407437297
652,18,XA090D,8.476814426849991
653,18,XA095D,269.36106648014584
654,18,XA100D,462.04006447807603
655,18,XA100R,306.84027402778014
656,18,XA110D,0.0
657,18,XA125D,804.4061266779466
658,18,XA140D,0.0
659,18,XR100D,0.0
660,18,XR110D,44.332092529346994
661,18,XR115D,44.64813071459981
662,18,XR125D,222.33035796476486
663,18,XR140D,13.851304914999993
664,18,XR150D,82.18055151249992
665,19,AC036D,260.2070353153598
666,19,AC040D,71.41171836399984
667,19,AC050D,230.25660365750042
668,19,AC056D,329.1228546941447
669,19,AC063R,1042.1321043816336
670,19,AC075R,688.0251515014387
671,19,AC090R,116.49701390833314
672,19,AC100R,855.7468995833383
673,19,AC125R,195.97242875000032
674,19,AC140R,5.388121200000001
675,19,XA018D,0.0
676,19,XA025D,8.289873530596006
677,19,XA028D,0.0
678,19,XA030D,43.79879877351996
679,19,XA036D,74.90120897132391
680,19,XA040D,344.73156060618624
681,19,XA050D,458.683136777245
682,19,XA056D,935.4940678548987
683,19,XA063R,410.55129536778185
684,19,XA070D,777.7482364929108
685,19,XA075R,706.1364610416721
686,19,XA080D,1108.3379850819208
687,19,XA090D,4.4095957554055385
688,19,XA095D,815.7732622198082
689,19,XA100D,281.8788009800009
690,19,XA100R,911.79392538515
691,19,XA110D,222.91230183250028
692,19,XA125D,1079.5590721800868
693,19,XA140D,0.0
694,19,XR100D,0.0
695,19,XR110D,4.724237276527999
696,19,XR115D,96.07237968676256
697,19,XR125D,616.9137473543108
698,19,XR140D,181.0706407184892
699,19,XR150D,190.54868298666702
700,20,AC036D,216.17597551686387
701,20,AC040D,26.10517745359995
702,20,AC050D,308.65192959999706
703,20,AC056D,391.0911235361895
704,20,AC063R,736.0485272409976
705,20,AC075R,523.6646388020854
706,20,AC090R,75.48885960000008
707,20,AC100R,547.2249540277799
708,20,AC125R,726.1203407378488
709,20,AC140R,169.97435688333238
710,20,XA018D,0.0
711,20,XA025D,13.068117338584011
712,20,XA028D,95.82053654274662
713,20,XA030D,80.29266420593588
714,20,XA036D,78.11955228805336
715,20,XA040D,405.9709705474399
716,20,XA050D,587.1776119576501
717,20,XA056D,475.75678537223257
718,20,XA063R,655.4697145904578
719,20,XA070D,309.56791035309885
720,20,XA075R,549.3465416066956
721,20,XA080D,469.14347810244766
722,20,XA090D,95.72988428360004
723,20,XA095D,691.912120420308
724,20,XA100D,219.85013870166645
725,20,XA100R,815.5029866666655
726,20,XA110D,22.31467076206664
727,20,XA125D,570.9619775299827
728,20,XA140D,0.0
729,20,XR100D,0.0
730,20,XR110D,61.987735100199785
731,20,XR115D,0.0
732,20,XR125D,374.6533615626812
733,20,XR140D,23.837372325200054
734,20,XR150D,31.366721968750024
735,21,AC036D,73.94247681209576
736,21,AC040D,355.679802652534
737,21,AC050D,758.3621173894803
738,21,AC056D,100.48809025852772
739,21,AC063R,1004.7282634471223
740,21,AC075R,685.1024932949605
741,21,AC090R,432.83427541666566
742,21,AC100R,546.8794570833327
743,21,AC125R,111.06824695312487
744,21,AC140R,8.206781800000002
745,21,XA018D,0.0
746,21,XA025D,10.505350008481988
747,21,XA028D,35.622385070328
748,21,XA030D,38.470670614223096
749,21,XA036D,53.55957318258047
750,21,XA040D,205.86984648688306
751,21,XA050D,469.2525711682089
752,21,XA056D,724.0583947647032
753,21,XA063R,367.22579233024976
754,21,XA070D,302.3465497432232
755,21,XA075R,542.382860208255
756,21,XA080D,289.28282224800154
757,21,XA090D,3.3804401998500007
758,21,XA095D,261.18315480995966
759,21,XA100D,145.75460195153852
760,21,XA100R,1045.3331814015164
761,21,XA110D,121.68619319010021
762,21,XA125D,1208.5571163651864
763,21,XA140D,0.0
764,21,XR100D,0.0
765,21,XR110D,48.90763555249997
766,21,XR115D,0.0
767,21,XR125D,217.9599102017108
768,21,XR140D,69.51940752399992
769,21,XR150D,83.69333787499978
770,22,AC036D,5.3314170202160005
771,22,AC040D,132.7041527417455
772,22,AC050D,450.2052136680532
773,22,AC056D,198.58450749080487
774,22,AC063R,579.0188083738283
775,22,AC075R,374.1108998958329
776,22,AC090R,175.75934316111136
777,22,AC100R,343.1852662499993
778,22,AC125R,274.20489361032224
779,22,AC140R,317.32351700291804
780,22,XA018D,0.0
781,22,XA025D,13.793587808130036
782,22,XA028D,115.92341236142988
783,22,XA030D,73.1464126996905
784,22,XA036D,37.50407102162
785,22,XA040D,274.2798837940662
786,22,XA050D,467.5046996910317
787,22,XA056D,1168.2870107250835
788,22,XA063R,291.00385018065293
789,22,XA070D,774.7159691430103
790,22,XA075R,881.8023909895833
791,22,XA080D,684.3701563423386
792,22,XA090D,141.38370145935008
793,22,XA095D,745.6543251886211
794,22,XA100D,314.6150837083315
795,22,XA100R,553.1964637500008
796,22,XA110D,45.13693901989995
797,22,XA125D,877.9133107109343
798,22,XA140D,0.0
799,22,XR100D,0.0
800,22,XR110D,61.732999579688865
801,22,XR115D,0.0
802,22,XR125D,166.16731085167518
803,22,XR140D,113.61128967082243
804,22,XR150D,96.75506709278866
805,23,AC036D,154.33818820676615
806,23,AC040D,37.19465383760002
807,23,AC050D,292.0953553137861
808,23,AC056D,419.5512199532257
809,23,AC063R,525.5858547261225
810,23,AC075R,1038.7636553133436
811,23,AC090R,254.4970225795461
812,23,AC100R,249.80430902777755
813,23,AC125R,359.84266265092845
814,23,AC140R,120.49280564999992
815,23,XA018D,0.0
816,23,XA025D,29.995390574116435
817,23,XA028D,33.740458874685466
818,23,XA030D,120.44417601897831
819,23,XA036D,95.66341465036085
820,23,XA040D,226.9461063089408
821,23,XA050D,379.4181858760709
822,23,XA056D,811.264226438916
823,23,XA063R,481.174487938858
824,23,XA070D,393.56559483166063
825,23,XA075R,387.39923326848543
826,23,XA080D,692.4702183144341
827,23,XA090D,287.5744257542688
828,23,XA095D,1667.3120785703575
829,23,XA100D,44.71024750500003
830,23,XA100R,572.4025482675422
831,23,XA110D,2.7529731029499978
832,23,XA125D,900.2355654574648
833,23,XA140D,0.0
834,23,XR100D,0.0
835,23,XR110D,11.35644797735
836,23,XR115D,0.0
837,23,XR125D,283.9453724044982
838,23,XR140D,101.59894208939976
839,23,XR150D,45.51369711875003
840,24,AC036D,276.46056811381715
841,24,AC040D,87.79101887920014
842,24,AC050D,788.7162028990863
843,24,AC056D,836.8121312283829
844,24,AC063R,676.6520627327616
845,24,AC075R,1119.1814617708308
846,24,AC090R,673.9916107263922
847,24,AC100R,417.63235791666875
848,24,AC125R,555.8884233437493
849,24,AC140R,260.2050992333339
850,24,XA018D,0.0
851,24,XA025D,10.09508622053397
852,24,XA028D,12.44563544336818
853,24,XA030D,78.02958858174658
854,24,XA036D,97.38970467530085
855,24,XA040D,243.28213496098613
856,24,XA050D,285.8307821527001
857,24,XA056D,883.6546625737058
858,24,XA063R,6.991029102750001
859,24,XA070D,398.0414531533332
860,24,XA075R,587.9439218971809
861,24,XA080D,570.2596189498663
862,24,XA090D,212.2909337180332
863,24,XA095D,892.1861666642993
864,24,XA100D,407.2396863616689
865,24,XA100R,284.37409000000014
866,24,XA110D,122.45394861734975
867,24,XA125D,617.731267252603
868,24,XA140D,0.0
869,24,XR100D,0.0
870,24,XR110D,11.435194547700002
871,24,XR115D,0.0
872,24,XR125D,466.5001958827132
873,24,XR140D,14.047052085733338
874,24,XR150D,323.03627710916777
875,25,AC036D,29.78042243560536
876,25,AC040D,9.756554399200018
877,25,AC050D,115.7920537724999
878,25,AC056D,85.22079216672019
879,25,AC063R,288.60115279781763
880,25,AC075R,918.5360650520836
881,25,AC090R,317.4731028291661
882,25,AC100R,304.3091587500006
883,25,AC125R,162.76686854166687
884,25,AC140R,140.3156989111113
885,25,XA018D,0.0
886,25,XA025D,7.0108842471919965
887,25,XA028D,70.97572878233834
888,25,XA030D,98.21019260353052
889,25,XA036D,89.52488801534439
890,25,XA040D,216.1193644499548
891,25,XA050D,538.3957520225586
892,25,XA056D,388.1953195046289
893,25,XA063R,661.45015443509
894,25,XA070D,884.0135296422634
895,25,XA075R,612.9522416559823
896,25,XA080D,1079.0389768720006
897,25,XA090D,143.09462224377953
898,25,XA095D,629.4158392432694
899,25,XA100D,331.23320704890494
900,25,XA100R,665.3274515192213
901,25,XA110D,297.93362607890117
902,25,XA125D,607.7748619869815
903,25,XA140D,0.0
904,25,XR100D,0.0
905,25,XR110D,0.0
906,25,XR115D,0.0
907,25,XR125D,357.7076940771682
908,25,XR140D,1.2477941966000003
909,25,XR150D,216.5274884733337
910,26,AC036D,2.052809370136
911,26,AC040D,532.6137681582644
912,26,AC050D,895.2552436712489
913,26,AC056D,266.7987144121597
914,26,AC063R,558.4717472900402
915,26,AC075R,756.8399090684392
916,26,AC090R,56.81856926666669
917,26,AC100R,297.8200662499998
918,26,AC125R,320.3572094965292
919,26,AC140R,109.8341895000002
920,26,XA018D,0.0
921,26,XA025D,9.524000239641992
922,26,XA028D,6.484637483575997
923,26,XA030D,15.339944737319975
924,26,XA036D,45.06619448129403
925,26,XA040D,163.8546766557866
926,26,XA050D,581.9718263417917
927,26,XA056D,1207.7007071346225
928,26,XA063R,378.7828374785501
929,26,XA070D,470.86509235029035
930,26,XA075R,419.19719893228967
931,26,XA080D,702.2179299875943
932,26,XA090D,74.43074712769511
933,26,XA095D,731.8806744219313
934,26,XA100D,128.33899192707605
935,26,XA100R,250.01314333333272
936,26,XA110D,294.8133391874996
937,26,XA125D,632.9985005591052
938,26,XA140D,0.0
939,26,XR100D,0.0
940,26,XR110D,0.36174971105
941,26,XR115D,0.0
942,26,XR125D,422.7189076772013
943,26,XR140D,0.0
944,26,XR150D,338.6677503391272
945,27,AC036D,120.1252740833418
946,27,AC040D,82.23447496472734
947,27,AC050D,500.0459572531154
948,27,AC056D,178.6256642735041
949,27,AC063R,306.83584183525045
950,27,AC075R,549.3771439843752
951,27,AC090R,195.2967649375
952,27,AC100R,637.6223483152173
953,27,AC125R,203.819875598957
954,27,AC140R,197.6469402833337
955,27,XA018D,0.0
956,27,XA025D,16.25199717677199
957,27,XA028D,45.34105943786063
958,27,XA030D,64.99880925232782
959,27,XA036D,34.763203829549994
960,27,XA040D,428.94525995833885
961,27,XA050D,391.86823886074905
962,27,XA056D,615.4486618056138
963,27,XA063R,572.9124937892632
964,27,XA070D,875.9317667177942
965,27,XA075R,643.7464514322912
966,27,XA080D,1430.5316723574535
967,27,XA090D,105.3036520796168
968,27,XA095D,1471.4155916556156
969,27,XA100D,18.76569637933904
970,27,XA100R,354.03771375
971,27,XA110D,0.7234994221000001
972,27,XA125D,537.048126300611
973,27,XA140D,0.0
974,27,XR100D,0.0
975,27,XR110D,51.84730508330451
976,27,XR115D,0.0
977,27,XR125D,340.49760828300657
978,27,XR140D,0.5790325898000005
979,27,XR150D,302.05874541144175
980,28,AC036D,196.08337246737904
981,28,AC040D,26.605778259200047
982,28,AC050D,295.0027356007027
983,28,AC056D,604.0436661723073
984,28,AC063R,483.458050127456
985,28,AC075R,609.0982302343841
986,28,AC090R,113.58570186249966
987,28,AC100R,372.9523524999974
988,28,AC125R,333.41596895833305
989,28,AC140R,156.59487759999962
990,28,XA018D,0.0
991,28,XA025D,16.77311409386198
992,28,XA028D,20.26927579933901
993,28,XA030D,4.132141359584003
994,28,XA036D,0.4229934250080002
995,28,XA040D,186.519649354482
996,28,XA050D,68.88312510597451
997,28,XA056D,721.9283450276607
998,28,XA063R,370.8282828947329
999,28,XA070D,588.6388216768829
1000,28,XA075R,440.9347150707402
1001,28,XA080D,663.106292858675
1002,28,XA090D,276.05242898442606
1003,28,XA095D,542.9770888957191
1004,28,XA100D,209.14613023500007
1005,28,XA100R,737.7984687499977
1006,28,XA110D,0.0
1007,28,XA125D,574.4584737916042
1008,28,XA140D,0.0
1009,28,XR100D,0.0
1010,28,XR110D,44.95039070699798
1011,28,XR115D,0.0
1012,28,XR125D,257.047739312059
1013,28,XR140D,100.16613967920004
1014,28,XR150D,196.6454333175002
1015,29,AC036D,116.86500000000004
1016,29,AC040D,42.52499999999996
1017,29,AC050D,129.50000000000026
1018,29,AC056D,134.8649819999998
1019,29,AC063R,232.29500000000007
1020,29,AC075R,346.479349999998
1021,29,AC090R,120.4699999999999
1022,29,AC100R,427.6299999999995
1023,29,AC125R,336.6649999999994
1024,29,AC140R,173.21499999999946
1025,29,XA018D,0.0
1026,29,XA025D,6.7477199999999975
1027,29,XA028D,906.159778947354
1028,29,XA030D,59.045000000000144
1029,29,XA036D,52.079999999999984
1030,29,XA040D,141.55355199999985
1031,29,XA050D,223.79
1032,29,XA056D,461.02000000000083
1033,29,XA063R,468.6149999999978
1034,29,XA070D,142.13499999999988
1035,29,XA075R,198.52000000000007
1036,29,XA080D,1099.735000000002
1037,29,XA090D,21.875
1038,29,XA095D,141.8199999999999
1039,29,XA100D,561.0500000000009
1040,29,XA100R,546.0000000000014
1041,29,XA110D,133.8399999999995
1042,29,XA125D,1146.9849999999976
1043,29,XA140D,0.0
1044,29,XR100D,0.0
1045,29,XR110D,0.0
1046,29,XR115D,26.424999999999994
1047,29,XR125D,177.83499999999984
1048,29,XR140D,136.14999999999984
1049,29,XR150D,114.62499999999972
1050,30,AC036D,5.852700000000002
1051,30,AC040D,0.5426936592000005
1052,30,AC050D,66.88001068875019
1053,30,AC056D,132.05395124163178
1054,30,AC063R,299.46206494617235
1055,30,AC075R,987.6151671093763
1056,30,AC090R,198.27045000000007
1057,30,AC100R,184.06602374999957
1058,30,AC125R,398.95940820312575
1059,30,AC140R,0.0
1060,30,XA018D,0.0
1061,30,XA025D,7.209419988441992
1062,30,XA028D,2276.460893475575
1063,30,XA030D,0.0
1064,30,XA036D,45.48950000000014
1065,30,XA040D,244.4488868079996
1066,30,XA050D,224.519811564818
1067,30,XA056D,742.4922756267316
1068,30,XA063R,37.152482617250094
1069,30,XA070D,602.2359772778992
1070,30,XA075R,274.8038578906237
1071,30,XA080D,906.7749162458704
1072,30,XA090D,2.5689999999999977
1073,30,XA095D,897.7680009481743
1074,30,XA100D,50.70659201999999
1075,30,XA100R,301.73534999999976
1076,30,XA110D,0.0
1077,30,XA125D,63.93019532812518
1078,30,XA140D,0.0
1079,30,XR100D,0.0
1080,30,XR110D,0.0
1081,30,XR115D,21.83335
1082,30,XR125D,502.1998737109368
1083,30,XR140D,16.80419999999999
1084,30,XR150D,158.47535938499996
1085,31,AC036D,20.618499999999987
1086,31,AC040D,3.842650000000004
1087,31,AC050D,63.87430000000014
1088,31,AC056D,293.63494999999944
1089,31,AC063R,798.2594148876407
1090,31,AC075R,999.1827999999934
1091,31,AC090R,381.70860000000124
1092,31,AC100R,360.1846499999992
1093,31,AC125R,191.97605000000027
1094,31,AC140R,35.6566
1095,31,XA018D,0.0
1096,31,XA025D,1.245299999999999
1097,31,XA028D,33.014450000000075
1098,31,XA030D,107.69464999999974
1099,31,XA036D,47.35640000000003
1100,31,XA040D,388.7253999999997
1101,31,XA050D,340.43178399999937
1102,31,XA056D,579.9909499999973
1103,31,XA063R,510.6422999999975
1104,31,XA070D,404.7147999999992
1105,31,XA075R,826.7326505319099
1106,31,XA080D,607.2333944444464
1107,31,XA090D,0.0
1108,31,XA095D,742.4385499999958
1109,31,XA100D,42.347900000000074
1110,31,XA100R,1083.3959500000017
1111,31,XA110D,90.70145000000002
1112,31,XA125D,744.0163951612869
1113,31,XA140D,0.0
1114,31,XR100D,0.0
1115,31,XR110D,0.0
1116,31,XR115D,17.671499999999984
1117,31,XR125D,294.35174999999884
1118,31,XR140D,147.94990000000004
1119,31,XR150D,267.60369999999983
1120,32,AC036D,199.9395999999998
1121,32,AC040D,195.0154499999997
1122,32,AC050D,47.252449999999826
1123,32,AC056D,60.03252500000028
1124,32,AC063R,438.78274999999917
1125,32,AC075R,1385.903399999999
1126,32,AC090R,0.7031500000000005
1127,32,AC100R,675.9476499999981
1128,32,AC125R,379.0489499999984
1129,32,AC140R,111.51945
1130,32,XA018D,0.0
1131,32,XA025D,12.449850000000005
1132,32,XA028D,11.728849999999998
1133,32,XA030D,50.47525000000025
1134,32,XA036D,86.32610000000021
1135,32,XA040D,492.9944254894197
1136,32,XA050D,248.93644999999862
1137,32,XA056D,840.6055000000058
1138,32,XA063R,541.5616500000009
1139,32,XA070D,298.52900000000136
1140,32,XA075R,695.2896999999983
1141,32,XA080D,1032.0355499999991
1142,32,XA090D,0.0
1143,32,XA095D,459.9238000000003
1144,32,XA100D,497.004550000001
1145,32,XA100R,635.6868000000012
1146,32,XA110D,214.05930000000026
1147,32,XA125D,606.4103500000002
1148,32,XA140D,0.0
1149,32,XR100D,0.0
1150,32,XR110D,0.0
1151,32,XR115D,12.842899999999993
1152,32,XR125D,336.4066999999992
1153,32,XR140D,45.46675000000002
1154,32,XR150D,74.76000000000002
1155,33,AC036D,31.345300000000034
1156,33,AC040D,2.999150000000004
1157,33,AC050D,338.95190000000116
1158,33,AC056D,479.6421000000016
1159,33,AC063R,444.97950000000105
1160,33,AC075R,389.77539999999846
1161,33,AC090R,5.833100000000001
1162,33,AC100R,1269.3387437500035
1163,33,AC125R,1043.3759000000016
1164,33,AC140R,463.71990000000136
1165,33,XA018D,0.0
1166,33,XA025D,33.699749999999966
1167,33,XA028D,67.6837000000001
1168,33,XA030D,50.87215000000001
1169,33,XA036D,7.925399999999996
1170,33,XA040D,221.6140499999995
1171,33,XA050D,424.7683999999999
1172,33,XA056D,517.2569500000022
1173,33,XA063R,109.86255000000013
1174,33,XA070D,490.93064999999916
1175,33,XA075R,139.7098499999999
1176,33,XA080D,779.2759470943943
1177,33,XA090D,207.57205000000008
1178,33,XA095D,955.8793932690655
1179,33,XA100D,234.10800000000043
1180,33,XA100R,359.7314787500002
1181,33,XA110D,0.0
1182,33,XA125D,556.6618428437512
1183,33,XA140D,0.0
1184,33,XR100D,0.0
1185,33,XR110D,0.0
1186,33,XR115D,0.0
1187,33,XR125D,496.7189499999983
1188,33,XR140D,154.07910000000044
1189,33,XR150D,53.307099999999934
1190,34,AC036D,13.223350000000005
1191,34,AC040D,29.21940000000001
1192,34,AC050D,195.99265
1193,34,AC056D,322.8469766666647
1194,34,AC063R,306.5741000000004
1195,34,AC075R,774.5226999999962
1196,34,AC090R,133.1536499999997
1197,34,AC100R,251.96919999999957
1198,34,AC125R,123.6557000000001
1199,34,AC140R,9.899400000000004
1200,34,XA018D,0.0
1201,34,XA025D,0.0
1202,34,XA028D,30.7083
1203,34,XA030D,35.75249999999999
1204,34,XA036D,38.40549999999988
1205,34,XA040D,337.60019999999844
1206,34,XA050D,448.76545000000084
1207,34,XA056D,927.437
1208,34,XA063R,588.9534000000008
1209,34,XA070D,443.0629000000001
1210,34,XA075R,72.18855000000012
1211,34,XA080D,1465.6505499999937
1212,34,XA090D,151.6458999999999
1213,34,XA095D,1018.8426500000024
1214,34,XA100D,2.9312500000000026
1215,34,XA100R,829.9213999999994
1216,34,XA110D,0.0
1217,34,XA125D,1196.9823250000045
1218,34,XA140D,0.0
1219,34,XR100D,0.0
1220,34,XR110D,0.0
1221,34,XR115D,0.0
1222,34,XR125D,660.2235499999998
1223,34,XR140D,0.0
1224,34,XR150D,89.08304999999996
1225,35,AC036D,0.0
1226,35,AC040D,149.99740000000043
1227,35,AC050D,287.22400000000056
1228,35,AC056D,596.4794499999988
1229,35,AC063R,405.1106499999997
1230,35,AC075R,1054.2574000000004
1231,35,AC090R,69.15650000000011
1232,35,AC100R,1329.082649999995
1233,35,AC125R,245.47180000000114
1234,35,AC140R,436.4559499999999
1235,35,XA018D,0.0
1236,35,XA025D,42.90159999999987
1237,35,XA028D,88.0904500000003
1238,35,XA030D,27.458900000000053
1239,35,XA036D,157.6774499999996
1240,35,XA040D,269.95360000000176
1241,35,XA050D,364.1466500000021
1242,35,XA056D,1273.3755999999953
1243,35,XA063R,486.9245499999989
1244,35,XA070D,953.7402000000064
1245,35,XA075R,276.6070999999997
1246,35,XA080D,1557.7600500000174
1247,35,XA090D,194.1639000000004
1248,35,XA095D,998.5188499999988
1249,35,XA100D,92.37410000000021
1250,35,XA100R,391.1519499999978
1251,35,XA110D,128.86020000000005
1252,35,XA125D,951.0308500000027
1253,35,XA140D,0.0
1254,35,XR100D,0.0
1255,35,XR110D,0.0
1256,35,XR115D,0.0
1257,35,XR125D,406.66115000000053
1258,35,XR140D,114.1493499999997
1259,35,XR150D,91.49139999999996
1260,36,AC036D,86.44614999999996
1261,36,AC040D,59.98545
1262,36,AC050D,288.68070000000074
1263,36,AC056D,604.6211500000019
1264,36,AC063R,1119.2828499999955
1265,36,AC075R,240.12218999999882
1266,36,AC090R,0.0
1267,36,AC100R,303.3656499999995
1268,36,AC125R,244.75464999999969
1269,36,AC140R,723.8048999999977
1270,36,XA018D,0.0
1271,36,XA025D,11.429599999999981
1272,36,XA028D,5.378799999999997
1273,36,XA030D,94.35685000000036
1274,36,XA036D,108.04744999999996
1275,36,XA040D,285.57339999999994
1276,36,XA050D,561.6324000000009
1277,36,XA056D,621.8660000000011
1278,36,XA063R,122.42509999999987
1279,36,XA070D,910.345799999994
1280,36,XA075R,675.9203500000037
1281,36,XA080D,1365.042350000007
1282,36,XA090D,110.59124999999977
1283,36,XA095D,646.7898499999992
1284,36,XA100D,168.2978499999984
1285,36,XA100R,457.83079999999916
1286,36,XA110D,121.08074999999992
1287,36,XA125D,1183.9103499999972
1288,36,XA140D,0.0
1289,36,XR100D,0.0
1290,36,XR110D,0.0
1291,36,XR115D,0.0
1292,36,XR125D,189.41125
1293,36,XR140D,113.60090000000014
1294,36,XR150D,159.55625
1295,37,AC036D,11.004700000000005
1296,37,AC040D,1.1725
1297,37,AC050D,394.87034999999963
1298,37,AC056D,178.29629999999975
1299,37,AC063R,534.1707000000013
1300,37,AC075R,1114.133650000002
1301,37,AC090R,34.95835000000004
1302,37,AC100R,969.7247000000003
1303,37,AC125R,470.19910000000084
1304,37,AC140R,78.75630000000002
1305,37,XA018D,0.0
1306,37,XA025D,22.45530000000001
1307,37,XA028D,3.02015
1308,37,XA030D,40.813150000000064
1309,37,XA036D,20.39344999999991
1310,37,XA040D,298.9363999999996
1311,37,XA050D,601.0371500000006
1312,37,XA056D,1814.4742000000049
1313,37,XA063R,1103.9945000000014
1314,37,XA070D,358.49940000000015
1315,37,XA075R,578.9178500000003
1316,37,XA080D,692.9545000000012
1317,37,XA090D,270.8163499999993
1318,37,XA095D,869.5081499999994
1319,37,XA100D,2.150049999999999
1320,37,XA100R,276.0303000000005
1321,37,XA110D,150.33515000000074
1322,37,XA125D,1454.736149999997
1323,37,XA140D,0.0
1324,37,XR100D,0.0
1325,37,XR110D,0.0
1326,37,XR115D,0.0
1327,37,XR125D,251.1663
1328,37,XR140D,8.328249999999995
1329,37,XR150D,142.33275000000006
1330,38,AC036D,87.73940000000002
1331,38,AC040D,132.14530000000022
1332,38,AC050D,292.9814999999998
1333,38,AC056D,13.053250000000027
1334,38,AC063R,255.7593499999992
1335,38,AC075R,393.4433999999993
1336,38,AC090R,386.2432000000031
1337,38,AC100R,327.18630000000013
1338,38,AC125R,724.7499000000003
1339,38,AC140R,106.92465000000013
1340,38,XA018D,0.0
1341,38,XA025D,8.676850000000002
1342,38,XA028D,18.81005000000013
1343,38,XA030D,43.38705000000004
1344,38,XA036D,15.70344999999998
1345,38,XA040D,261.76954999999765
1346,38,XA050D,820.2449499999942
1347,38,XA056D,768.9258500000025
1348,38,XA063R,398.30489999999986
1349,38,XA070D,991.1044500000128
1350,38,XA075R,880.7207499999962
1351,38,XA080D,968.2721999999981
1352,38,XA090D,11.330549999999995
1353,38,XA095D,1619.0373500000117
1354,38,XA100D,417.5139500000006
1355,38,XA100R,719.4064499999974
1356,38,XA110D,206.47934999999958
1357,38,XA125D,906.9847500000034
1358,38,XA140D,0.0
1359,38,XR100D,0.0
1360,38,XR110D,0.0
1361,38,XR115D,0.0
1362,38,XR125D,499.29180000000014
1363,38,XR140D,44.53120000000004
1364,38,XR150D,188.09420000000003
1365,39,AC036D,10.44120000000001
1366,39,AC040D,7.891099999999998
1367,39,AC050D,150.10835000000014
1368,39,AC056D,73.27355000000007
1369,39,AC063R,272.04555000000056
1370,39,AC075R,580.9898499999998
1371,39,AC090R,313.1460499999993
1372,39,AC100R,883.7112749999995
1373,39,AC125R,450.4129000000006
1374,39,AC140R,275.7947500000002
1375,39,XA018D,0.0
1376,39,XA025D,0.0
1377,39,XA028D,83.71964999999987
1378,39,XA030D,25.128949999999968
1379,39,XA036D,113.92535000000004
1380,39,XA040D,244.86839999999802
1381,39,XA050D,162.11661900000084
1382,39,XA056D,845.1068499999992
1383,39,XA063R,492.5478793103471
1384,39,XA070D,515.5979499999992
1385,39,XA075R,967.0503500000012
1386,39,XA080D,1151.2808999999972
1387,39,XA090D,210.9106999999986
1388,39,XA095D,579.4788999999969
1389,39,XA100D,251.0959499999993
1390,39,XA100R,1490.9495999999967
1391,39,XA110D,190.00799999999938
1392,39,XA125D,771.8717999999992
1393,39,XA140D,0.0
1394,39,XR100D,0.0
1395,39,XR110D,0.0
1396,39,XR115D,0.0
1397,39,XR125D,0.0
1398,39,XR140D,0.0
1399,39,XR150D,0.0
1400,40,AC036D,128.2034249999999
1401,40,AC040D,83.44769999999973
1402,40,AC050D,145.84745000000024
1403,40,AC056D,139.14858125000066
1404,40,AC063R,182.92575000000028
1405,40,AC075R,310.74318332609886
1406,40,AC090R,48.40150000000003
1407,40,AC100R,947.8728000000027
1408,40,AC125R,281.9989666647304
1409,40,AC140R,123.41209999999992
1410,40,XA018D,0.0
1411,40,XA025D,9.972199999999994
1412,40,XA028D,59.77311665114998
1413,40,XA030D,16.6152
1414,40,XA036D,18.965450000000025
1415,40,XA040D,130.01858331700043
1416,40,XA050D,235.83600833012616
1417,40,XA056D,644.3757600000022
1418,40,XA063R,478.8320366601078
1419,40,XA070D,297.92096250000026
1420,40,XA075R,712.0897000000041
1421,40,XA080D,724.1314499974782
1422,40,XA090D,235.8305833318748
1423,40,XA095D,858.7238916655352
1424,40,XA100D,118.78125
1425,40,XA100R,801.625650000002
1426,40,XA110D,200.79885000000027
1427,40,XA125D,796.5699000000003
1428,40,XA140D,0.0
1429,40,XR100D,0.0
1430,40,XR110D,0.0
1431,40,XR115D,0.0
1432,40,XR125D,0.0
1433,40,XR140D,0.0
1434,40,XR150D,0.0
1435,41,AC036D,419.70424999999875
1436,41,AC040D,135.04889999999986
1437,41,AC050D,335.79524999999904
1438,41,AC056D,327.1369499999995
1439,41,AC063R,1063.5992500000064
1440,41,AC075R,727.4816499999997
1441,41,AC090R,191.12030000000004
1442,41,AC100R,183.27855000000028
1443,41,AC125R,340.67460000000125
1444,41,AC140R,532.3905999974801
1445,41,XA018D,0.0
1446,41,XA025D,0.0
1447,41,XA028D,4.051949999999999
1448,41,XA030D,42.226099999999946
1449,41,XA036D,30.76114999999999
1450,41,XA040D,290.0089499999998
1451,41,XA050D,351.38390000000084
1452,41,XA056D,873.5874700000044
1453,41,XA063R,1136.1272999999976
1454,41,XA070D,909.8564999999973
1455,41,XA075R,128.9351000000002
1456,41,XA080D,1370.9181499999972
1457,41,XA090D,0.6282500000000004
1458,41,XA095D,1010.7968499999953
1459,41,XA100D,63.937649999999984
1460,41,XA100R,246.99010000000004
1461,41,XA110D,247.84794999999957
1462,41,XA125D,991.4915499999997
1463,41,XA140D,37.60294999999991
1464,41,XR100D,0.0
1465,41,XR110D,0.0
1466,41,XR115D,0.0
1467,41,XR125D,15.7493
1468,41,XR140D,0.0
1469,41,XR150D,0.0
1470,42,AC036D,24.72434999999998
1471,42,AC040D,138.49220000000037
1472,42,AC050D,130.64030000000022
1473,42,AC056D,383.40540000000055
1474,42,AC063R,642.8176999999997
1475,42,AC075R,1738.0817999999954
1476,42,AC090R,677.3032000000012
1477,42,AC100R,1170.1413500000008
1478,42,AC125R,268.89100000000025
1479,42,AC140R,139.68779999999995
1480,42,XA018D,0.0
1481,42,XA025D,15.653399999999984
1482,42,XA028D,6.186949999999992
1483,42,XA030D,20.7739
1484,42,XA036D,38.48354999999994
1485,42,XA040D,245.64469999999986
1486,42,XA050D,564.5346000000026
1487,42,XA056D,574.8438500000019
1488,42,XA063R,805.4742500000001
1489,42,XA070D,329.10990000000027
1490,42,XA075R,1168.7542999999976
1491,42,XA080D,517.1001500000009
1492,42,XA090D,0.0
1493,42,XA095D,566.5698500000027
1494,42,XA100D,145.3931499999993
1495,42,XA100R,721.4203500000003
1496,42,XA110D,312.0106500000004
1497,42,XA125D,696.7491999999987
1498,42,XA140D,0.0
1499,42,XR100D,0.0
1500,42,XR110D,0.0
1501,42,XR115D,0.0
1502,42,XR125D,16.13675
1503,42,XR140D,0.0
1504,42,XR150D,0.0
1505,43,AC036D,0.0
1506,43,AC040D,11.593750000000027
1507,43,AC050D,239.39790000000016
1508,43,AC056D,392.68740000000037
1509,43,AC063R,778.4773499999997
1510,43,AC075R,490.0262499999996
1511,43,AC090R,170.51405000000068
1512,43,AC100R,185.95815
1513,43,AC125R,546.1000999999982
1514,43,AC140R,511.46305
1515,43,XA018D,0.0
1516,43,XA025D,0.0
1517,43,XA028D,0.0
1518,43,XA030D,49.5320000000002
1519,43,XA036D,39.674250000000036
1520,43,XA040D,142.15634999999997
1521,43,XA050D,523.7375500000016
1522,43,XA056D,375.07505000000054
1523,43,XA063R,550.6476500000001
1524,43,XA070D,671.3826000000031
1525,43,XA075R,529.4554999999998
1526,43,XA080D,581.5960499999967
1527,43,XA090D,0.0
1528,43,XA095D,1515.4163500000006
1529,43,XA100D,169.08324999999985
1530,43,XA100R,1070.7259499999961
1531,43,XA110D,331.7803999999992
1532,43,XA125D,758.6022499999962
1533,43,XA140D,0.0
1534,43,XR100D,0.0
1535,43,XR110D,0.0
1536,43,XR115D,0.0
1537,43,XR125D,8.2663
1538,43,XR140D,0.0
1539,43,XR150D,0.0
1540,44,AC036D,92.6856000000002
1541,44,AC040D,118.82884999999972
1542,44,AC050D,142.87525000000016
1543,44,AC056D,382.87620000000055
1544,44,AC063R,438.34245000000135
1545,44,AC075R,1379.0608999999988
1546,44,AC090R,324.1350000000007
1547,44,AC100R,289.11539999999934
1548,44,AC125R,349.5180500000019
1549,44,AC140R,0.0
1550,44,XA018D,0.0
1551,44,XA025D,38.77755000000003
1552,44,XA028D,37.09125000000004
1553,44,XA030D,64.12524999999968
1554,44,XA036D,53.55175000000007
1555,44,XA040D,46.93394999999993
1556,44,XA050D,388.04710000000017
1557,44,XA056D,932.2988499999997
1558,44,XA063R,379.68735000000186
1559,44,XA070D,574.0250431034488
1560,44,XA075R,788.4635500000003
1561,44,XA080D,593.2237500000023
1562,44,XA090D,346.39149999999967
1563,44,XA095D,671.7056499999994
1564,44,XA100D,73.63194999999986
1565,44,XA100R,1036.4606000000003
1566,44,XA110D,503.78439999999887
1567,44,XA125D,920.3337500000004
1568,44,XA140D,0.0
1569,44,XR100D,0.0
1570,44,XR110D,0.0
1571,44,XR115D,0.0
1572,44,XR125D,0.0
1573,44,XR140D,0.0
1574,44,XR150D,0.0
1575,45,AC036D,56.59184999999998
1576,45,AC040D,357.74094999999863
1577,45,AC050D,473.3823499999974
1578,45,AC056D,194.0435
1579,45,AC063R,1042.8533500000012
1580,45,AC075R,2192.066800000007
1581,45,AC090R,370.31819999999993
1582,45,AC100R,213.78945
1583,45,AC125R,211.71920000000026
1584,45,AC140R,544.3791500000002
1585,45,XA018D,0.0
1586,45,XA025D,29.041599999999967
1587,45,XA028D,16.201850000000046
1588,45,XA030D,67.65220000000006
1589,45,XA036D,219.1451500000001
1590,45,XA040D,0.0
1591,45,XA050D,1014.0798499999923
1592,45,XA056D,451.3638500000012
1593,45,XA063R,341.71514999999823
1594,45,XA070D,401.03209999999916
1595,45,XA075R,847.5568500000019
1596,45,XA080D,241.9714500000008
1597,45,XA090D,49.501549999999924
1598,45,XA095D,514.2508000000008
1599,45,XA100D,335.4732499999982
1600,45,XA100R,546.4102000000003
1601,45,XA110D,104.56565
1602,45,XA125D,229.67209999999943
1603,45,XA140D,0.0
1604,45,XR100D,0.0
1605,45,XR110D,0.0
1606,45,XR115D,31.76145
1607,45,XR125D,45.58714999999998
1608,45,XR140D,0.0
1609,45,XR150D,10.625300000000003
1610,46,AC036D,0.0
1611,46,AC040D,14.3976
1612,46,AC050D,380.0236999999994
1613,46,AC056D,316.2858999999983
1614,46,AC063R,856.6390000000013
1615,46,AC075R,2081.512300000003
1616,46,AC090R,229.2220000000003
1617,46,AC100R,165.55909999999972
1618,46,AC125R,332.09504999999865
1619,46,AC140R,0.0
1620,46,XA018D,0.6688499999999988
1621,46,XA025D,12.744900000000007
1622,46,XA028D,30.667699999999968
1623,46,XA030D,40.307750000000155
1624,46,XA036D,48.22020000000004
1625,46,XA040D,101.6707999999996
1626,46,XA050D,172.5636500000009
1627,46,XA056D,1073.3394000000046
1628,46,XA063R,579.7259999999994
1629,46,XA070D,272.99194999999906
1630,46,XA075R,243.88455000000042
1631,46,XA080D,481.91255000000086
1632,46,XA090D,133.2533999999999
1633,46,XA095D,1394.8861499999994
1634,46,XA100D,623.7185499999993
1635,46,XA100R,175.00910000000005
1636,46,XA110D,302.9684000000001
1637,46,XA125D,73.22910000000003
1638,46,XA140D,0.0
1639,46,XR100D,0.0
1640,46,XR110D,0.0
1641,46,XR115D,0.0
1642,46,XR125D,0.0
1643,46,XR140D,0.0
1644,46,XR150D,0.0
1645,47,AC036D,149.9533000000004
1646,47,AC040D,105.85470000000024
1647,47,AC050D,428.31214999999884
1648,47,AC056D,272.43020000000223
1649,47,AC063R,437.1034500000007
1650,47,AC075R,2421.550250000015
1651,47,AC090R,370.097
1652,47,AC100R,851.0572000000003
1653,47,AC125R,214.23220000000043
1654,47,AC140R,383.9013499999992
1655,47,XA018D,0.0
1656,47,XA025D,73.26900000000012
1657,47,XA028D,21.291200000000046
1658,47,XA030D,172.10585000000034
1659,47,XA036D,21.04024999999997
1660,47,XA040D,333.45060000000007
1661,47,XA050D,619.3606999999975
1662,47,XA056D,533.4938000000029
1663,47,XA063R,550.3735999999992
1664,47,XA070D,217.92925000000042
1665,47,XA075R,576.9585500000044
1666,47,XA080D,351.7115000000012
1667,47,XA090D,49.96425000000008
1668,47,XA095D,433.50790000000165
1669,47,XA100D,320.29514999999964
1670,47,XA100R,1074.4188000000006
1671,47,XA110D,404.3955999999997
1672,47,XA125D,1148.6065500000075
1673,47,XA140D,0.0
1674,47,XR100D,0.0
1675,47,XR110D,0.0
1676,47,XR115D,0.0
1677,47,XR125D,0.0
1678,47,XR140D,4.133149999999997
1679,47,XR150D,0.0
